pdf	cover	pages	dir
cici-1984-09.pdf	cici-1984-09/00000001.jpg	56	ciciban
cici-1984-10.pdf	cici-1984-10/00000001.jpg	64	ciciban
cici-1984-11.pdf	cici-1984-11/00000001.jpg	60	ciciban
cici-1984-12.pdf	cici-1984-12/00000001.jpg	68	ciciban
cici-1985-01.pdf	cici-1985-01/00000001.jpg	64	ciciban
cici-1985-02.pdf	cici-1985-02/00000001.jpg	64	ciciban
cici-1985-03.pdf	cici-1985-03/00000001.jpg	64	ciciban
cici-1985-04.pdf	cici-1985-04/00000001.jpg	60	ciciban
cici-1985-05.pdf	cici-1985-05/00000001.jpg	60	ciciban
cici-1985-06.pdf	cici-1985-06/00000001.jpg	64	ciciban
cici-1985-09.pdf	cici-1985-09/00000001.jpg	60	ciciban
cici-1985-10.pdf	cici-1985-10/00000001.jpg	64	ciciban
cici-1985-11.pdf	cici-1985-11/00000001.jpg	54	ciciban
cici-1985-12.pdf	cici-1985-12/00000001.jpg	84	ciciban
cici-1985-zima.pdf	cici-1985-zima/00000001.jpg	68	ciciban
cici-1986-02.pdf	cici-1986-02/00000001.jpg	64	ciciban
cici-1986-04.pdf	cici-1986-04/00000001.jpg	64	ciciban
cici-1986-06.pdf	cici-1986-06/00000001.jpg	64	ciciban
cici-1986-07.pdf	cici-1986-07/00000001.jpg	76	ciciban
cici-1986-09.pdf	cici-1986-09/00000001.jpg	48	ciciban
cici-1986-10.pdf	cici-1986-10/00000001.jpg	53	ciciban
cici-1986-11.pdf	cici-1986-11/00000001.jpg	60	ciciban
cici-1986-12.pdf	cici-1986-12/00000001.jpg	84	ciciban
cici-1987-01.pdf	cici-1987-01/00000001.jpg	72	ciciban
cici-1987-03.pdf	cici-1987-03/00000001.jpg	60	ciciban
cici-1987-05.pdf	cici-1987-05/00000001.jpg	56	ciciban
cici-1987-06.pdf	cici-1987-06/00000001.jpg	56	ciciban
cici-1987-09.pdf	cici-1987-09/00000001.jpg	64	ciciban
cici-1987-10.pdf	cici-1987-10/00000001.jpg	64	ciciban
cici-1987-12.pdf	cici-1987-12/00000001.jpg	68	ciciban
cici-1988-03.pdf	cici-1988-03/00000001.jpg	64	ciciban
cici-1988-04.pdf	cici-1988-04/00000001.jpg	52	ciciban
cici-1988-05.pdf	cici-1988-05/00000001.jpg	64	ciciban
cici-1988-06.pdf	cici-1988-06/00000001.jpg	56	ciciban
