eksponat,vrsta,serijska,leto,fotografije
Moj Mikro,Revija,2005-01,2005,https://revije.muzej.si/Moj%20Mikro/2005-01.pdf
Moj Mikro,Revija,2005-02,2005,https://revije.muzej.si/Moj%20Mikro/2005-02.pdf
Moj Mikro,Revija,2005-03,2005,https://revije.muzej.si/Moj%20Mikro/2005-03.pdf
Moj Mikro,Revija,2005-04,2005,https://revije.muzej.si/Moj%20Mikro/2005-04.pdf
Moj Mikro,Revija,2005-05,2005,https://revije.muzej.si/Moj%20Mikro/2005-05.pdf
Moj Mikro,Revija,2005-06,2005,https://revije.muzej.si/Moj%20Mikro/2005-06.pdf
Moj Mikro,Revija,2005-07,2005,https://revije.muzej.si/Moj%20Mikro/2005-07-08.pdf
Moj Mikro,Revija,2005-09,2005,https://revije.muzej.si/Moj%20Mikro/2005-09.pdf
Moj Mikro,Revija,2005-10,2005,https://revije.muzej.si/Moj%20Mikro/2005-10.pdf
Moj Mikro,Revija,2005-11,2005,https://revije.muzej.si/Moj%20Mikro/2005-11.pdf
Moj Mikro,Revija,2005-12,2005,https://revije.muzej.si/Moj%20Mikro/2005-12.pdf
Moj Mikro,Revija,2006-01,2006,https://revije.muzej.si/Moj%20Mikro/2006-01.pdf
Moj Mikro,Revija,2006-02,2006,https://revije.muzej.si/Moj%20Mikro/2006-02.pdf
Moj Mikro,Revija,2006-03,2006,https://revije.muzej.si/Moj%20Mikro/2006-03.pdf
Moj Mikro,Revija,2006-04,2006,https://revije.muzej.si/Moj%20Mikro/2006-04.pdf
Moj Mikro,Revija,2006-05,2006,https://revije.muzej.si/Moj%20Mikro/2006-05.pdf
Moj Mikro,Revija,2006-06,2006,https://revije.muzej.si/Moj%20Mikro/2006-06.pdf
Moj Mikro,Revija,2006-07,2006,https://revije.muzej.si/Moj%20Mikro/2006-07-08.pdf
Moj Mikro,Revija,2006-09,2006,https://revije.muzej.si/Moj%20Mikro/2006-09.pdf
Moj Mikro,Revija,2006-10,2006,https://revije.muzej.si/Moj%20Mikro/2006-10.pdf
Moj Mikro,Revija,2006-11,2006,https://revije.muzej.si/Moj%20Mikro/2006-11.pdf
Moj Mikro,Revija,2006-12,2006,https://revije.muzej.si/Moj%20Mikro/2006-12.pdf
Moj Mikro,Revija,2007-01,2007,https://revije.muzej.si/Moj%20Mikro/2007-01.pdf
Moj Mikro,Revija,2007-02,2007,https://revije.muzej.si/Moj%20Mikro/2007-02.pdf
Moj Mikro,Revija,2007-03,2007,https://revije.muzej.si/Moj%20Mikro/2007-03.pdf
Moj Mikro,Revija,2007-04,2007,https://revije.muzej.si/Moj%20Mikro/2007-04.pdf
Moj Mikro,Revija,2007-05,2007,https://revije.muzej.si/Moj%20Mikro/2007-05.pdf
Moj Mikro,Revija,2007-06,2007,https://revije.muzej.si/Moj%20Mikro/2007-06.pdf
Moj Mikro,Revija,2007-07,2007,https://revije.muzej.si/Moj%20Mikro/2007-07-08.pdf
Moj Mikro,Revija,2007-09,2007,https://revije.muzej.si/Moj%20Mikro/2007-09.pdf
Moj Mikro,Revija,2007-10,2007,https://revije.muzej.si/Moj%20Mikro/2007-10.pdf
Moj Mikro,Revija,2007-11,2007,https://revije.muzej.si/Moj%20Mikro/2007-11.pdf
Moj Mikro,Revija,2007-12,2007,https://revije.muzej.si/Moj%20Mikro/2007-12.pdf
Moj Mikro,Revija,2008-01,2008,https://revije.muzej.si/Moj%20Mikro/2008-01.pdf
Moj Mikro,Revija,2008-02,2008,https://revije.muzej.si/Moj%20Mikro/2008-02.pdf
Moj Mikro,Revija,2008-03,2008,https://revije.muzej.si/Moj%20Mikro/2008-03.pdf
Moj Mikro,Revija,2008-04,2008,https://revije.muzej.si/Moj%20Mikro/2008-04.pdf
Moj Mikro,Revija,2008-05,2008,https://revije.muzej.si/Moj%20Mikro/2008-05.pdf
Moj Mikro,Revija,2008-06,2008,https://revije.muzej.si/Moj%20Mikro/2008-06.pdf
Moj Mikro,Revija,2008-07,2008,https://revije.muzej.si/Moj%20Mikro/2008-07-08.pdf
Moj Mikro,Revija,2008-09,2008,https://revije.muzej.si/Moj%20Mikro/2008-09.pdf
Moj Mikro,Revija,2008-10,2008,https://revije.muzej.si/Moj%20Mikro/2008-10.pdf
Moj Mikro,Revija,2008-11,2008,https://revije.muzej.si/Moj%20Mikro/2008-11.pdf
Moj Mikro,Revija,2008-12,2008,https://revije.muzej.si/Moj%20Mikro/2008-12.pdf
Moj Mikro,Revija,2009-01,2009,https://revije.muzej.si/Moj%20Mikro/2009-01.pdf
Moj Mikro,Revija,2009-02,2009,https://revije.muzej.si/Moj%20Mikro/2009-02.pdf
Moj Mikro,Revija,2009-03,2009,https://revije.muzej.si/Moj%20Mikro/2009-03.pdf
Moj Mikro,Revija,2009-04,2009,https://revije.muzej.si/Moj%20Mikro/2009-04.pdf
Moj Mikro,Revija,2009-05,2009,https://revije.muzej.si/Moj%20Mikro/2009-05.pdf
Moj Mikro,Revija,2009-06,2009,https://revije.muzej.si/Moj%20Mikro/2009-06.pdf
Moj Mikro,Revija,2009-07,2009,https://revije.muzej.si/Moj%20Mikro/2009-07-08.pdf
Moj Mikro,Revija,2009-09,2009,https://revije.muzej.si/Moj%20Mikro/2009-09.pdf
Moj Mikro,Revija,2009-10,2009,https://revije.muzej.si/Moj%20Mikro/2009-10.pdf
Moj Mikro,Revija,2009-11,2009,https://revije.muzej.si/Moj%20Mikro/2009-11.pdf
Moj Mikro,Revija,2009-12,2009,https://revije.muzej.si/Moj%20Mikro/2009-12.pdf